chunk_type,n_chunks,mean_score_advantage,median_score_advantage,mean_pass_advantage,frac_positive_advantage,contains_causal_relation_rate,contains_runtime_binding_rate,contains_negative_evidence_rate
CAUSAL_PRECONDITION,6,0.0,0.0,0.0,0.16666666666666666,0.8333333333333334,0.3333333333333333,0.3333333333333333
CONTROL_NEGATIVE_EVIDENCE,6,0.0,0.0,0.0,0.16666666666666666,0.3333333333333333,0.16666666666666666,0.8333333333333334
TASK_GOAL_OR_TODO,1,0.0,0.0,0.0,0.0,0.0,0.0,0.0
ACTION_OUTCOME,177,-0.01694915254237288,0.0,-0.01694915254237288,0.1751412429378531,0.011299435028248588,0.1016949152542373,0.011299435028248588
RUNTIME_BINDING,44,-0.06818181818181818,0.0,-0.06818181818181818,0.13636363636363635,0.0,1.0,0.0
ENTITY_LIST_ONLY,14,-0.07142857142857142,0.0,-0.07142857142857142,0.07142857142857142,0.0,0.07142857142857142,0.0
NARRATIVE_PROGRESS,139,-0.08633093525179857,0.0,-0.08633093525179857,0.12949640287769784,0.07913669064748201,0.02877697841726619,0.02877697841726619
OTHER,49,-0.16326530612244897,0.0,-0.16326530612244897,0.02040816326530612,0.02040816326530612,0.0,0.0
