functional_role_guess,n_chunks,mean_score_advantage,median_score_advantage,mean_pass_advantage,frac_positive_advantage
api_argument_binding,62,-0.04838709677419355,0.0,-0.04838709677419355,0.12903225806451613
progress_summary,299,-0.05016722408026756,0.0,-0.05016722408026756,0.1605351170568562
object_set_binding,10,-0.1,0.0,-0.1,0.0
unknown,56,-0.10714285714285714,0.0,-0.10714285714285714,0.03571428571428571
failure_prevention,7,-0.14285714285714285,0.0,-0.14285714285714285,0.14285714285714285
task_restatement,2,-0.5,-0.5,-0.5,0.0
