chunk_type,n_chunks,mean_score_advantage,mean_pass_advantage,frac_positive_advantage,frac_top_advantage,contains_causal_relation_rate,contains_exact_literals_rate
ACTION_OUTCOME,59,0.06779661016949153,0.06779661016949153,0.22033898305084745,0.03389830508474576,0.03389830508474576,0.8305084745762712
CAUSAL_PRECONDITION,8,0.0,0.0,0.25,0.125,1.0,0.75
CONTROL_NEGATIVE_EVIDENCE,4,0.0,0.0,0.25,0.0,1.0,1.0
ENTITY_LIST_ONLY,12,0.0,0.0,0.08333333333333333,0.0,0.0,1.0
NARRATIVE_PROGRESS,19,0.05263157894736842,0.05263157894736842,0.15789473684210525,0.10526315789473684,0.2631578947368421,0.7894736842105263
RUNTIME_BINDING,38,-0.02631578947368421,-0.02631578947368421,0.23684210526315788,0.13157894736842105,0.02631578947368421,1.0
TASK_GOAL_OR_TODO,4,0.0,0.0,0.0,0.0,0.0,1.0
